Participant ID,sex,Filename,Overall_accuracy,DD_accuracy,DS_accuracy,SS_accuracy,DSSS_accuracy
102,female,102_dist_comp.csv,0.5625,0.53125,0.46875,0.6875,0.578125
103,female,103_dist_comp.csv,0.8125,0.90625,0.8125,0.71875,0.765625
104,male,104_dist_comp.csv,0.78125,0.84375,0.96875,0.53125,0.75
106,female,106_dist_comp.csv,0.8333333333333334,0.84375,0.875,0.78125,0.828125
107,female,107_dist_comp.csv,0.59375,0.75,0.3125,0.71875,0.515625
108,male,108_dist_comp.csv,0.4270833333333333,0.5,0.375,0.40625,0.390625
111,male,111_dist_comp.csv,0.75,0.71875,0.75,0.78125,0.765625
112,male,112_dist_comp.csv,0.8229166666666666,0.75,0.75,0.96875,0.859375
113,female,113_dist_comp.csv,0.6458333333333334,0.625,0.75,0.5625,0.65625
114,female,114_dist_comp.csv,0.6458333333333334,0.6875,0.6875,0.5625,0.625
115,female,115_dist_comp.csv,0.59375,0.46875,0.5625,0.75,0.65625
116,female,116_dist_comp.csv,0.75,0.78125,0.875,0.59375,0.734375
118,female,118_dist_comp.csv,0.40625,0.3125,0.4375,0.46875,0.453125
119,female,119_dist_comp.csv,0.6041666666666666,0.46875,0.71875,0.625,0.671875
120,female,120_dist_comp.csv,0.4791666666666667,0.5,0.53125,0.40625,0.46875
121,female,121_dist_comp.csv,0.5833333333333334,0.59375,0.625,0.53125,0.578125
123,female,123_dist_comp.csv,0.6770833333333334,0.71875,0.6875,0.625,0.65625
124,male,124_dist_comp.csv,0.8645833333333334,0.90625,0.96875,0.71875,0.84375
125,female,125_dist_comp.csv,0.59375,0.8125,0.21875,0.75,0.484375
127,female,127_dist_comp.csv,0.7916666666666666,0.6875,0.96875,0.71875,0.84375
128,female,128_dist_comp.csv,0.7708333333333334,0.8125,0.71875,0.78125,0.75
129,female,129_dist_comp.csv,0.5833333333333334,0.5,0.5,0.75,0.625
130,male,130_dist_comp.csv,0.84375,0.9375,0.9375,0.65625,0.796875
131,female,131_dist_comp.csv,0.6145833333333334,0.53125,0.53125,0.78125,0.65625
132,female,132_dist_comp.csv,0.8125,0.90625,0.78125,0.75,0.765625
133,female,133_dist_comp.csv,0.4375,0.5625,0.34375,0.40625,0.375
134,male,134_dist_comp.csv,0.8333333333333334,0.9375,0.71875,0.84375,0.78125
135,male,135_dist_comp.csv,0.71875,0.5625,0.90625,0.6875,0.796875
136,male,136_dist_comp.csv,0.7395833333333334,0.8125,0.875,0.53125,0.703125
137,female,137_dist_comp.csv,0.4895833333333333,0.46875,0.46875,0.53125,0.5
138,male,138_dist_comp.csv,0.8541666666666666,0.9375,0.875,0.75,0.8125
139,female,139_dist_comp.csv,0.6875,0.6875,0.625,0.75,0.6875
141,male,141_dist_comp.csv,0.8125,0.90625,0.8125,0.71875,0.765625
142,male,142_dist_comp.csv,0.71875,0.625,0.5625,0.96875,0.765625
144,female,144_dist_comp.csv,0.8125,0.9375,0.90625,0.59375,0.75
145,male,145_dist_comp.csv,0.7708333333333334,0.75,0.8125,0.75,0.78125
146,female,146_dist_comp.csv,0.8645833333333334,0.9375,0.71875,0.9375,0.828125
147,female,147_dist_comp.csv,0.6875,0.625,0.71875,0.71875,0.71875
149,male,149_dist_comp.csv,0.53125,0.5625,0.5,0.53125,0.515625
151,female,151_dist_comp.csv,0.8020833333333334,0.96875,0.75,0.6875,0.71875
153,female,153_dist_comp.csv,0.6041666666666666,0.71875,0.53125,0.5625,0.546875
156,female,156_dist_comp.csv,0.6666666666666666,0.65625,0.46875,0.875,0.671875
157,female,157_dist_comp.csv,0.5208333333333334,0.46875,0.5,0.59375,0.546875
158,female,158_dist_comp.csv,0.5208333333333334,0.59375,0.40625,0.5625,0.484375
159,female,159_dist_comp.csv,0.8333333333333334,0.90625,0.71875,0.875,0.796875
160,female,160_dist_comp.csv,0.3854166666666667,0.40625,0.28125,0.46875,0.375
161,female,161_dist_comp.csv,0.875,0.875,0.96875,0.78125,0.875
162,female,162_dist_comp.csv,0.4895833333333333,0.5,0.46875,0.5,0.484375
163,female,163_dist_comp.csv,0.9166666666666666,1.0,0.90625,0.84375,0.875
164,female,164_dist_comp.csv,0.8854166666666666,0.9375,0.96875,0.75,0.859375
165,female,165_dist_comp.csv,0.5729166666666666,0.53125,0.5,0.6875,0.59375
167,male,167_dist_comp.csv,0.7708333333333334,0.84375,0.78125,0.6875,0.734375
168,female,168_dist_comp.csv,0.7083333333333334,0.71875,0.78125,0.625,0.703125
169,female,169_dist_comp.csv,0.5625,0.5,0.5,0.6875,0.59375
171,female,171_dist_comp.csv,0.78125,0.8125,0.75,0.78125,0.765625
174,male,174_dist_comp.csv,0.75,0.8125,0.65625,0.78125,0.71875
175,female,175_dist_comp.csv,0.5104166666666666,0.5625,0.375,0.59375,0.484375
176,female,176_dist_comp.csv,0.7395833333333334,0.71875,0.8125,0.6875,0.75
177,male,177_dist_comp.csv,0.78125,0.78125,0.78125,0.78125,0.78125
178,male,178_dist_comp.csv,0.59375,0.625,0.59375,0.5625,0.578125
179,female,179_dist_comp.csv,0.4895833333333333,0.375,0.6875,0.40625,0.546875
180,female,180_dist_comp.csv,0.53125,0.40625,0.59375,0.59375,0.59375
181,female,181_dist_comp.csv,0.5208333333333334,0.53125,0.46875,0.5625,0.515625
182,male,182_dist_comp.csv,0.78125,0.75,0.96875,0.625,0.796875
184,female,184_dist_comp.csv,0.6354166666666666,0.5625,0.6875,0.65625,0.671875
186,female,186_dist_comp.csv,0.5416666666666666,0.5,0.53125,0.59375,0.5625
187,female,187_dist_comp.csv,0.84375,0.90625,0.6875,0.9375,0.8125
188,female,188_dist_comp.csv,0.6875,0.6875,0.75,0.625,0.6875
189,male,189_dist_comp.csv,0.875,0.96875,0.9375,0.71875,0.828125
190,female,190_dist_comp.csv,0.6875,0.6875,0.65625,0.71875,0.6875
191,female,191_dist_comp.csv,0.84375,0.875,0.96875,0.6875,0.828125
193,female,193_dist_comp.csv,0.6458333333333334,0.78125,0.5,0.65625,0.578125
194,male,194_dist_comp.csv,0.8333333333333334,1.0,0.53125,0.96875,0.75
195,male,195_dist_comp.csv,0.7916666666666666,0.90625,0.9375,0.53125,0.734375
196,female,196_dist_comp.csv,0.8229166666666666,0.96875,0.625,0.875,0.75
197,female,197_dist_comp.csv,0.6770833333333334,0.625,0.71875,0.6875,0.703125
