Participant ID,sex,overall_corr,DD_corr,DS_corr,SS_corr,DSSS_corr,source_file
102,female,0.2977822238295744,0.2856857387903583,-0.0012314660373139,0.5814808306411166,0.36068622555499,102_dist_est.csv
103,female,0.7621416477392975,0.7843950153751778,0.7233101014766449,0.7804417731912162,0.738375878160947,103_dist_est.csv
106,female,0.715964489602262,0.7125422682110307,0.6760892312698968,0.8815267590498126,0.7750889315123345,106_dist_est.csv
107,female,0.5570909873854752,0.5805876566770302,0.3990984887584753,0.6383990819554136,0.5428927661186271,107_dist_est.csv
113,female,-0.0347940971897204,-0.0389491874707385,0.0655431880315427,0.0735898559058423,0.0686853786023696,113_dist_est.csv
114,female,0.1401835559352389,0.1398062141990867,0.3775087767454529,0.1197969414699838,0.2185918905376254,114_dist_est.csv
115,female,0.4394362931236333,0.5019743685039609,0.4185750519341453,0.2905928396829622,0.3087040473721261,115_dist_est.csv
116,female,0.4320091677541141,0.473847224385336,0.3344324917550836,0.3956394887071556,0.3664124331961602,116_dist_est.csv
118,female,0.1723460592227457,0.2400128913292087,0.1104052562887427,-0.0229406003866175,0.0273456014769739,118_dist_est.csv
119,female,0.4473436187041031,0.4967054207801456,0.2408388734826151,0.8361114257478613,0.4569267202670387,119_dist_est.csv
120,female,0.3801415108180073,0.5471673013393671,0.2247320074218175,-0.1243003477773968,0.0033136438211454,120_dist_est.csv
121,female,0.4363915611384026,0.6861830111172135,0.1306358674626624,0.0400970700693167,0.070895083289269,121_dist_est.csv
123,female,0.7462153242743327,0.7847067113804619,0.6852226137536686,0.7232391872482349,0.7058330156793355,123_dist_est.csv
125,female,0.4948666430685854,0.6137170486450696,0.1932258193008078,0.3905212749175835,0.3121460711534833,125_dist_est.csv
127,female,0.6673488385436241,0.7089224197455742,0.5885038813772332,0.646250869040244,0.6006378201657996,127_dist_est.csv
128,female,0.7583078994009926,0.7961044345032265,0.5525406768537416,0.8380699267620811,0.7441497356740081,128_dist_est.csv
129,female,0.179744689992897,0.206949195828286,0.0699559198193686,0.2851052814986765,0.1149418830964575,129_dist_est.csv
131,female,0.2541463652661476,-0.0500182852316849,0.5422833548005065,0.6117009626543005,0.5788610566671728,131_dist_est.csv
132,female,0.6977961490247444,0.7505823773467568,0.6264880101369719,0.6884247581228579,0.6579732760467322,132_dist_est.csv
133,female,0.0266222023766604,0.0131645092579434,0.202853361061525,-0.070993408662983,0.0447565872400983,133_dist_est.csv
137,female,0.1305476716467746,0.1746746444576168,-0.2002952891867863,0.282561638651743,0.0719250955504318,137_dist_est.csv
139,female,0.0164235802413462,-0.01275105182308,0.5328649312751045,0.2773627001337235,0.3654900669727607,139_dist_est.csv
144,female,0.7968549420499068,0.8099764844977227,0.7473764443322364,0.8410619603610017,0.7889824691125725,144_dist_est.csv
146,female,0.6979530320030681,0.6694756821961205,0.7063558814064124,0.8493413037757452,0.7967829735344106,146_dist_est.csv
147,female,0.3678545336367989,0.5287283681287519,0.2202862469332445,0.2533569457029044,0.2333879853866259,147_dist_est.csv
151,female,0.6456715190853665,0.7071400424748628,0.7470805531877693,0.4262556040268316,0.5422851845195151,151_dist_est.csv
153,female,0.2631279564601849,0.2240750965618699,0.2721276445973926,0.4032425282548428,0.3483210500313237,153_dist_est.csv
156,female,0.2977348206778492,0.0981083998799012,0.4391117208088965,0.7119167972199336,0.6227425656912662,156_dist_est.csv
157,female,0.4256301169481027,0.4503955227998693,0.3820160778735497,0.4334858986583094,0.4164199066024272,157_dist_est.csv
158,female,0.5938832883664987,0.7735450524202385,0.4221113847874572,0.0905009794277655,0.2272497640961461,158_dist_est.csv
159,female,0.7149419453370581,0.7650438347730683,0.5395616352245689,0.81065568094347,0.6929727998645018,159_dist_est.csv
160,female,0.3195903392471449,0.405751342451761,0.2776907162198112,0.1911030369236135,0.2226285946766538,160_dist_est.csv
161,female,0.710776888749579,0.7465807560828858,0.6526450013208567,0.7272688680852193,0.6562230508897027,161_dist_est.csv
162,female,0.4717390370171454,0.50438513646516,0.2371419858761561,0.5281538352568229,0.4058719409124922,162_dist_est.csv
163,female,0.881889523850652,0.9122802286862176,0.8038511585767425,0.9223088206187824,0.8792452063965837,163_dist_est.csv
164,female,0.7295760271802879,0.7331015738432628,0.7648666732479288,0.9378157819839444,0.8684292437825198,164_dist_est.csv
165,female,0.6366889326659585,0.7565792955367066,0.3313967444720593,0.3383809764046555,0.331862338572399,165_dist_est.csv
168,female,0.2141437728343833,0.5558910880484076,0.6247927162558118,-0.0694432846597969,0.0365448526762078,168_dist_est.csv
169,female,0.4342630911387594,0.524437848109618,0.2777540345010023,0.3729425704618371,0.3179870700936648,169_dist_est.csv
171,female,0.6528288827961913,0.6418221812688928,0.6689337253708105,0.7487113612940305,0.7044752209606068,171_dist_est.csv
175,female,0.0469072762060115,-0.0478345872496343,0.3159267244012761,0.1007358185088105,0.0976701945218797,175_dist_est.csv
176,female,0.6890194586958117,0.7264539498487084,0.6504278902199221,0.7109795039931056,0.6695352818642865,176_dist_est.csv
179,female,0.0572315056870297,0.1917064280209201,-0.1056162500685531,0.326259630144472,0.0099193547736341,179_dist_est.csv
180,female,0.1235041075002192,0.1105747832073252,0.072777158178514,0.1811491524429861,0.1451677546652741,180_dist_est.csv
181,female,0.4152946106500758,0.5933467707369706,-0.0189970352863573,0.2102535364146563,0.1144432847951997,181_dist_est.csv
184,female,0.7143809905104548,0.7742336353510271,0.5244014032231817,0.7120416488374185,0.5988313143605429,184_dist_est.csv
186,female,0.3847413568267339,0.3459394055400364,0.4451011992378942,0.5587070298680887,0.5214884634533037,186_dist_est.csv
187,female,0.6623894580485,0.7099974352926842,0.1518425117048691,0.9100542670736465,0.6496605334877954,187_dist_est.csv
188,female,0.5947279431613012,0.6041565997889885,0.6208753029432292,0.6533003222333826,0.6276092553131388,188_dist_est.csv
190,female,0.3261252383411089,0.1991192661184956,0.21237467784789,0.6743212972933159,0.5413147199612832,190_dist_est.csv
191,female,0.7919378387152097,0.7968262099128858,0.7248707792874395,0.824700191077124,0.7904027157459931,191_dist_est.csv
193,female,0.0654183731045969,0.0510840712490297,0.2311044277932332,0.1938915298625547,0.2075236079054865,193_dist_est.csv
196,female,0.6700537022396894,0.7719713300985483,0.629285800911093,0.5610035409217543,0.5831816075978276,196_dist_est.csv
197,female,0.355347430749093,0.2578400069415711,0.5312558725227743,0.5230997433946303,0.5217388391794803,197_dist_est.csv
