Participant ID,sex,source_file,overall_input_mean,overall_input_median,overall_actual_mean,overall_actual_median,overall_ratio_mean,overall_ratio_median,SS_DS_input_mean,SS_DS_input_median,SS_DS_actual_mean,SS_DS_actual_median,SS_DS_ratio_mean,SS_DS_ratio_median,DD_input_mean,DD_input_median,DD_actual_mean,DD_actual_median,DD_ratio_mean,DD_ratio_median,DS_input_mean,DS_input_median,DS_actual_mean,DS_actual_median,DS_ratio_mean,DS_ratio_median,SS_input_mean,SS_input_median,SS_actual_mean,SS_actual_median,SS_ratio_mean,SS_ratio_median
102,female,102_dist_est.csv,25.8984375,25.0,76.66087875,74.558595,0.3555977318894185,0.3353035265003281,24.609375,25.0,78.04409625,74.558595,0.3198133417456658,0.3030161246433038,27.1875,25.0,75.27766125,72.006975,0.3913821220331713,0.3508351748281843,25.15625,25.0,78.79917,74.22909999999999,0.3271686510994408,0.3367976344254468,24.0625,25.0,77.2890225,82.00282999999999,0.3124580323918908,0.2798936180336577
103,female,103_dist_est.csv,33.8828125,35.0,76.66087875,74.558595,0.4362174010528332,0.4572830557726803,35.3125,35.0,78.04409625,74.558595,0.4453487872485581,0.4629558258385269,32.453125,35.0,75.27766125,72.006975,0.4270860148571082,0.4545071460859987,36.1875,35.0,78.79917,74.22909999999999,0.4514203995553217,0.4715166881956256,34.4375,35.0,77.2890225,82.00282999999999,0.4392771749417946,0.4517653181572312
106,female,106_dist_est.csv,53.4765625,50.0,76.66087875,74.558595,0.691509656960736,0.6754290527972084,51.171875,50.0,78.04409625,74.558595,0.6321698650914227,0.639590081875387,55.78125,60.0,75.27766125,72.006975,0.7508494488300492,0.738716793525886,48.4375,40.0,78.79917,74.22909999999999,0.6002854255539646,0.5750269916340036,53.90625,60.0,77.2890225,82.00282999999999,0.6640543046288809,0.7277234068875102
107,female,107_dist_est.csv,50.234375,40.0,76.66087875000001,74.558595,0.6691424369704992,0.6706070530006562,50.0,40.0,78.04409625,74.558595,0.6433634200909397,0.5597872360673155,50.46875,40.0,75.27766125,72.006975,0.6949214538500587,0.7016703496563687,51.5625,45.0,78.79917,74.22909999999999,0.6578941642978197,0.6097107410302405,48.4375,40.0,77.2890225,82.00282999999999,0.6288326758840598,0.5597872360673155
113,female,113_dist_est.csv,27.8671875,15.0,76.66087875,74.558595,0.4072385528218887,0.2045279659740982,18.359375,15.0,78.04409625,74.558595,0.2459086862648442,0.2017066508434104,37.375,15.5,75.27766125,72.006975,0.5685684193789331,0.2118353619814006,18.71875,15.0,78.79917,74.22909999999999,0.2416565542837012,0.2150253303362657,18.0,15.0,77.2890225,82.00282999999999,0.2501608182459872,0.1955561230552728
114,female,114_dist_est.csv,12.6171875,11.0,76.66087875,74.558595,0.1745871570330098,0.1492371147928902,11.828125,11.0,78.04409625,74.558595,0.1576846811221455,0.1433747043514717,13.40625,11.0,75.27766125,72.006975,0.1914896329438741,0.1532831596941752,12.78125,12.0,78.79917,74.22909999999999,0.1635462989307783,0.1612227563770989,10.875,10.0,77.2890225,82.00282999999999,0.1518230633135127,0.1338938845441067
115,female,115_dist_est.csv,4.3828125,4.0,76.66087875,74.558595,0.0607398846726397,0.0535575538176426,4.40625,4.0,78.04409625,74.558595,0.0588003543829359,0.0538876215080715,4.359375,4.0,75.27766125,72.006975,0.0626794149623435,0.0515521912071068,4.09375,4.0,78.79917,74.22909999999999,0.052548897746306,0.0537409187923663,4.71875,5.0,77.2890225,82.00282999999999,0.0650518110195658,0.0559787236067315
116,female,116_dist_est.csv,73.28125,80.0,76.66087875,74.558595,1.028650374004929,0.925063288876926,73.515625,80.0,78.04409625,74.558595,0.978334266399841,0.9090483739299116,73.046875,80.0,75.27766125,72.006975,1.0789664816100173,0.9442568087870564,73.90625,80.0,78.79917,74.22909999999999,0.9519465946257282,0.9300833927307264,73.125,80.0,77.2890225,82.00282999999999,1.0047219381739538,0.890928194665289
118,female,118_dist_est.csv,22.9140625,20.0,76.66087875,74.558595,0.320155275930743,0.2735952093455453,24.375,20.0,78.04409625,74.558595,0.3313083465759885,0.2834044702333779,21.453125,20.0,75.27766125,72.006975,0.3090022052854975,0.2732025220556337,23.4375,20.0,78.79917,74.22909999999999,0.3027996225384787,0.2834044702333779,25.3125,20.0,77.2890225,82.00282999999999,0.3598170706134982,0.2844823239298504
119,female,119_dist_est.csv,20.78125,20.0,76.66087875,74.558595,0.2744120632576399,0.2677877690882134,22.21875,20.0,78.04409625,74.558595,0.2812414940144514,0.2677877690882134,19.34375,20.0,75.27766125,72.006975,0.2675826325008283,0.2597183691919992,23.40625,20.0,78.79917,74.22909999999999,0.2984826962522338,0.2694381075403574,21.03125,20.0,77.2890225,82.00282999999999,0.264000291776669,0.2677877690882134
120,female,120_dist_est.csv,11.5859375,11.0,76.66087875,74.558595,0.1575173242879936,0.1404416400123173,11.640625,11.0,78.04409625,74.558595,0.1589039466243087,0.1430469457354314,11.53125,9.5,75.27766125,72.006975,0.1561307019516785,0.1403340699312737,11.625,11.0,78.79917,74.22909999999999,0.1497305816660487,0.1481909591471966,11.65625,11.5,77.2890225,82.00282999999999,0.1680773115825687,0.1374490733747582
121,female,121_dist_est.csv,205.859375,200.0,76.66087875,74.558595,2.8488479688575934,2.7017162111888338,203.515625,200.0,78.04409625,74.558595,2.7484892706962043,2.682461815250225,208.203125,200.0,75.27766125,72.006975,2.949206667018984,2.7701879757220724,201.5625,200.0,78.79917,74.22909999999999,2.608989741892203,2.687045939618316,205.46875,200.0,77.2890225,82.00282999999999,2.887988799500205,2.6778776908821347
123,female,123_dist_est.csv,4.0625,4.0,76.66087875000001,74.558595,0.0522676150250473,0.0535575538176426,3.8125,4.0,78.04409625,74.558595,0.0479753419625136,0.0475839294009567,4.3125,4.0,75.27766125,72.006975,0.0565598880875811,0.0596911696278027,3.875,3.0,78.79917,74.22909999999999,0.0486694424489718,0.045728305577268,3.75,4.0,77.2890225,82.00282999999999,0.0472812414760553,0.0535575538176426
125,female,125_dist_est.csv,10.0390625,10.0,76.66087875,74.558595,0.1362887273000246,0.1346138429076324,10.203125,10.5,78.04409625,74.558595,0.1352041417913175,0.1343522969809158,9.875,10.0,75.27766125,72.006975,0.1373733128087317,0.1346931232695301,9.9375,10.0,78.79917,74.22909999999999,0.1283617726916089,0.1350858105594417,10.46875,11.0,77.2890225,82.00282999999999,0.1420465108910261,0.1341214106001312
127,female,127_dist_est.csv,25.390625,30.0,76.66087875,74.558595,0.3375719136982698,0.3358723416403893,26.09375,30.0,78.04409625000001,74.558595,0.3374448692045474,0.3358723416403893,24.6875,20.0,75.27766125,72.006975,0.337698958191992,0.3363364063643368,25.9375,30.0,78.79917,74.22909999999999,0.3275458169224343,0.3048553705151202,26.25,30.0,77.2890225,82.00282999999999,0.3473439214866607,0.3358723416403893
128,female,128_dist_est.csv,10.0546875,10.0,76.66087875,74.558595,0.1341732836324162,0.1289091386255541,9.875,10.0,78.04409625,74.558595,0.1257571646349441,0.120504496089696,10.234375,9.5,75.27766125,72.006975,0.1425894026298882,0.1403340699312737,10.21875,10.0,78.79917,74.22909999999999,0.1304037967437726,0.1314475676824969,9.53125,9.5,77.2890225,82.00282999999999,0.1211105325261157,0.116214099361029
129,female,129_dist_est.csv,37.234375,30.0,76.66087875,74.558595,0.4955775863283434,0.405257431678325,35.234375,30.0,78.04409625,74.558595,0.4601257980482739,0.4023692722875338,39.234375,30.0,75.27766125,72.006975,0.531029374608413,0.4477113443786707,40.78125,30.0,78.79917,74.22909999999999,0.5225814603272301,0.405257431678325,29.6875,30.0,77.2890225,82.00282999999999,0.3976701357693177,0.3358723416403893
131,female,131_dist_est.csv,18.6796875,20.0,76.66087875,74.558595,0.2599609392728998,0.2359938068931903,19.921875,20.0,78.04409625,74.558595,0.2505407150082552,0.2379196470047836,17.4375,15.0,75.27766125,72.006975,0.2693811635375446,0.2359938068931903,21.25,20.0,78.79917,74.22909999999999,0.266308858502814,0.2579511800425293,18.59375,20.0,77.2890225,82.00282999999999,0.2347725715136963,0.2239148944269262
132,female,132_dist_est.csv,21.8046875,21.0,76.66087875,74.558595,0.290080478281347,0.2821398236599232,20.9375,20.0,78.04409625,74.558595,0.2685861179505908,0.2613123954213434,22.671875,23.0,75.27766125,72.006975,0.3115748386121031,0.3061617148982219,20.5,19.5,78.79917,74.22909999999999,0.2597440947099899,0.2578950525003957,21.375,20.5,77.2890225,82.00282999999999,0.2774281411911918,0.2939247762425516
133,female,133_dist_est.csv,6.5703125,6.0,76.66087875,74.558595,0.0955086880272128,0.0852678476263563,6.65625,6.0,78.04409625,74.558595,0.0904541175328772,0.081051486335665,6.484375,6.0,75.27766125,72.006975,0.1005632585215484,0.0874050582510452,6.5625,6.0,78.79917,74.22909999999999,0.084085357834669,0.0862540487451005,6.75,6.0,77.2890225,82.00282999999999,0.0968228772310853,0.080336330726464
137,female,137_dist_est.csv,55.1171875,60.0,76.66087875000001,74.558595,0.7788915795331299,0.7819700278797252,54.578125,55.0,78.04409625,74.558595,0.7330160397544686,0.7765856389410637,55.65625,60.0,75.27766125,72.006975,0.8247671193117914,0.7819700278797252,55.0,55.0,78.79917,74.22909999999999,0.7252155634298425,0.7765856389410637,54.15625,55.0,77.2890225,82.00282999999999,0.7408165160790947,0.7529421969287187
139,female,139_dist_est.csv,25.5546875,20.0,76.66087875,74.558595,0.3603064564819135,0.2701716211188834,21.0,20.0,78.04409625,74.558595,0.2746173122511635,0.2682461815250225,30.109375,20.0,75.27766125,72.006975,0.4459956007126636,0.2984742295857804,20.125,20.0,78.79917,74.22909999999999,0.252131188075163,0.2701716211188834,21.875,20.0,77.2890225,82.00282999999999,0.2971034364271639,0.2677877690882134
144,female,144_dist_est.csv,34.8671875,35.0,76.66087875,74.558595,0.4521116287165987,0.4628684261103241,35.328125,35.0,78.04409625,74.558595,0.4451656229749227,0.4702330394332052,34.40625,30.0,75.27766125,72.006975,0.4590576344582748,0.4477113443786707,34.46875,35.0,78.79917,74.22909999999999,0.4314962145086375,0.4702330394332052,36.1875,40.0,77.2890225,82.00282999999999,0.4588350314412079,0.5019614646191458
146,female,146_dist_est.csv,56.796875,60.0,76.66087875,74.558595,0.7569141770056541,0.7438894361670663,56.5625,60.0,78.04409625,74.558595,0.7134815543539854,0.702746050466804,57.03125,60.0,75.27766125,72.006975,0.8003467996573228,0.7974023812972408,57.65625,60.0,78.79917,74.22909999999999,0.7275329376987543,0.7518658623287409,55.46875,60.0,77.2890225,82.00282999999999,0.6994301710092166,0.6872453668737913
147,female,147_dist_est.csv,264.4921875,275.0,76.66087875,74.558595,3.625481556512464,3.5975055502550664,238.28125,240.0,78.04409625,74.558595,3.1487218350962456,3.0788297983702355,290.703125,275.0,75.27766125,72.006975,4.102241277928682,3.69358396762943,225.9375,200.0,78.79917,74.22909999999999,2.897832130160094,2.7017162111888338,250.625,275.0,77.2890225,82.00282999999999,3.3996115400323976,3.079194571442345
151,female,151_dist_est.csv,3.17515625,3.1500000000000004,76.66087875,74.558595,0.0428546351806526,0.0418826440209816,3.1675,3.0,78.04409625000001,74.558595,0.0414081780205075,0.0419840427050486,3.1828125,3.25,75.27766125,72.006975,0.0443010923407977,0.0414107259524797,3.1678125,2.9,78.79917,74.22909999999999,0.0397709172689792,0.0423516860565327,3.1671875,3.0,77.2890225,82.00282999999999,0.0430454387720358,0.0410761040341403
153,female,153_dist_est.csv,4.4140625,4.0,76.66087875000001,74.558595,0.0621290622265975,0.0537409187923663,4.359375,4.0,78.04409625,74.558595,0.0573842290181039,0.0537409187923663,4.46875,4.0,75.27766125,72.006975,0.066873895435091,0.0549666585176007,4.3125,4.0,78.79917,74.22909999999999,0.055275840042518,0.0537409187923663,4.40625,4.0,77.2890225,82.00282999999999,0.0594926179936898,0.0547681387121871
156,female,156_dist_est.csv,6.5703125,6.0,76.66087875,74.558595,0.0921753065211685,0.0878325753016115,6.75,6.0,78.04409625000001,74.558595,0.0872936054065139,0.088699266536191,6.390625,6.0,75.27766125,72.006975,0.0970570076358231,0.0852678476263563,6.78125,6.0,78.79917,74.22909999999999,0.0867282540752037,0.091456611154536,6.71875,6.0,77.2890225,82.00282999999999,0.0878589567378242,0.0840844530140378
157,female,157_dist_est.csv,100.34375,95.0,76.66087875000001,74.558595,1.360054507381025,1.2985918459599963,106.1875,95.0,78.04409625,74.558595,1.3668538611551673,1.3195791472492095,94.5,92.5,75.27766125,72.006975,1.3532551536068833,1.2985918459599963,107.8125,100.0,78.79917,74.22909999999999,1.3723189281333048,1.343522969809158,104.5625,85.0,77.2890225,82.00282999999999,1.3613887941770295,1.1715714897609335
158,female,158_dist_est.csv,60.4609375,60.0,76.66087875,74.558595,0.8203071416207652,0.786646022977301,56.359375,60.0,78.04409625,74.558595,0.7573759987987095,0.6890391644020282,64.5625,72.5,75.27766125,72.006975,0.8832382844428209,0.8310563927166218,58.34375,60.0,78.79917,74.22909999999999,0.7488677239432286,0.7415932983696812,54.375,55.0,77.2890225,82.00282999999999,0.7658842736541903,0.6694694227205337
159,female,159_dist_est.csv,26.25,25.0,76.66087875,74.558595,0.3486608319962071,0.351373025233402,24.921875,25.0,78.04409625,74.558595,0.317627947078241,0.3320534343706551,27.578125,25.0,75.27766125,72.006975,0.3796937169141732,0.3928577427901884,22.96875,25.0,78.79917,74.22909999999999,0.2917085492838753,0.2966373193478725,26.875,30.0,77.2890225,82.00282999999999,0.3435473448726067,0.351373025233402
160,female,160_dist_est.csv,15.25,15.0,76.66087875,74.558595,0.2103146976301222,0.1947887768939994,14.28125,15.0,78.04409625,74.558595,0.1879019793646506,0.1768237711059733,16.21875,15.0,75.27766125,72.006975,0.2327274158955939,0.218512645627613,14.9375,15.0,78.79917,74.22909999999999,0.1917022051875552,0.1977582128985816,13.625,13.0,77.2890225,82.00282999999999,0.184101753541746,0.1592623051029691
161,female,161_dist_est.csv,14.7265625,15.0,76.66087875,74.558595,0.1961347504957597,0.1871120932416983,14.78125,15.0,78.04409625,74.558595,0.190716118580317,0.1804478069588978,14.671875,14.0,75.27766125,72.006975,0.2015533824112024,0.1871120932416983,15.1875,15.0,78.79917,74.22909999999999,0.1910778342885943,0.1936380628090232,14.375,14.5,77.2890225,82.00282999999999,0.1903544028720397,0.1756651506032231
162,female,162_dist_est.csv,29.4921875,30.0,76.66087875,74.558595,0.3920148423475698,0.3909850139398626,28.4375,30.0,78.04409625,74.558595,0.3692505733008139,0.3696980900154621,30.546875,27.5,75.27766125,72.006975,0.4147791113943256,0.3909850139398626,26.875,22.5,78.79917,74.22909999999999,0.3445270273779625,0.3048553705151202,30.0,30.0,77.2890225,82.00282999999999,0.3939741192236653,0.4016816536323201
163,female,163_dist_est.csv,25.9375,30.0,76.66087875,74.558595,0.3290961176417791,0.3435741315389715,25.828125,30.0,78.04409625,74.558595,0.3183560264014642,0.3358723416403893,26.046875,29.0,75.27766125,72.006975,0.339836208882094,0.3600131230362475,27.46875,30.0,78.79917,74.22909999999999,0.3444397095546672,0.3609087385399115,24.1875,30.0,77.2890225,82.00282999999999,0.2922723432482612,0.3353035265003281
164,female,164_dist_est.csv,312.109375,300.0,76.66087875,74.558595,4.209649676883371,4.015691716953167,303.125,300.0,78.04409625,74.558595,3.782723142768329,4.015691716953167,321.09375,300.0,75.27766125,72.006975,4.636576210998414,4.477113443786707,321.875,325.0,78.79917,74.22909999999999,4.050014392387246,4.030568909427474,284.375,300.0,77.2890225,82.00282999999999,3.515431893149412,3.967101184712188
165,female,165_dist_est.csv,58.75,57.5,76.66087875,74.558595,0.7735090111612565,0.7621384262878006,56.015625,57.5,78.04409625,74.558595,0.7431281968353425,0.7529421969287187,61.484375,55.0,75.27766125,72.006975,0.8038898254871707,0.786646022977301,56.875,55.0,78.79917,74.22909999999999,0.7300866971132706,0.7621384262878006,55.15625,57.5,77.2890225,82.00282999999999,0.7561696965574142,0.7529421969287187
168,female,168_dist_est.csv,32.109375,30.0,76.66087875000001,74.558595,0.4456389562435814,0.3975023325604853,33.828125,30.0,78.04409625,74.558595,0.4625543102340745,0.3967663594397205,30.390625,30.0,75.27766125,72.006975,0.4287236022530882,0.3987011906486204,30.625,30.0,78.79917,74.22909999999999,0.3855668005584943,0.3810692131439003,37.03125,30.0,77.2890225,82.00282999999999,0.5395418199096549,0.4016816536323201
169,female,169_dist_est.csv,2.8203125,3.0,76.66087875,74.558595,0.0393924246295691,0.0369358396762943,2.859375,3.0,78.04409625,74.558595,0.038253521053294,0.0401569171695316,2.78125,3.0,75.27766125,72.006975,0.0405313282058443,0.0369358396762943,2.6875,3.0,78.79917,74.22909999999999,0.0346199546597644,0.030485537051512,3.03125,3.0,77.2890225,82.00282999999999,0.0418870874468235,0.0401569171695316
171,female,171_dist_est.csv,5.078125,5.0,76.66087875,74.558595,0.0680853258846145,0.0670607053000656,5.015625,5.0,78.04409625,74.558595,0.0640135363889185,0.0658744314762086,5.140625,5.0,75.27766125,72.006975,0.0721571153803105,0.0701670349656368,5.125,5.0,78.79917,74.22909999999999,0.064594288553298,0.0640736112967409,4.90625,5.0,77.2890225,82.00282999999999,0.063432784224539,0.0658744314762086
175,female,175_dist_est.csv,50.3984375,43.5,76.66087875,74.558595,0.7113162988907058,0.5470741211152075,54.734375,42.0,78.04409625,74.558595,0.7130707305196899,0.5230495936925765,46.0625,46.5,75.27766125,72.006975,0.7095618672617218,0.5876698827513536,38.625,38.5,78.79917,74.22909999999999,0.4925570867200042,0.510581381505315,70.84375,43.0,77.2890225,82.00282999999999,0.9335843743193756,0.5355024249173745
176,female,176_dist_est.csv,38.203125,35.0,76.66087875,74.558595,0.519003298261599,0.5061862025477759,37.8125,35.0,78.04409625,74.558595,0.489801333262396,0.48359793460225,38.59375,35.0,75.27766125,72.006975,0.548205263260802,0.5364910589296132,37.8125,35.0,78.79917,74.22909999999999,0.4787713765435276,0.4715166881956256,37.8125,35.0,77.2890225,82.00282999999999,0.5008312899812645,0.5019614646191458
179,female,179_dist_est.csv,57.9140625,60.0,76.66087875,74.558595,0.8243794434914418,0.702746050466804,60.9375,60.0,78.04409625,74.558595,0.8219086664209394,0.6819576150248075,54.890625,60.0,75.27766125,72.006975,0.8268502205619441,0.7791551075759978,64.6875,60.0,78.79917,74.22909999999999,0.8575598400907845,0.671761484904579,57.1875,60.0,77.2890225,82.00282999999999,0.7862574927510941,0.702746050466804
180,female,180_dist_est.csv,4.0859375,4.0,76.66087875,74.558595,0.0582709113499146,0.054719041869109,4.140625,4.0,78.04409625,74.558595,0.0556431712037719,0.0538876215080715,4.03125,4.0,75.27766125,72.006975,0.0608986514960573,0.0578717805329194,4.28125,4.0,78.79917,74.22909999999999,0.055651721358652,0.0540343242237766,4.0,4.0,77.2890225,82.00282999999999,0.0556346210488918,0.0535575538176426
181,female,181_dist_est.csv,8.59375,9.0,76.66087875,74.558595,0.119347038552399,0.1102809827165171,8.140625,8.0,78.04409625,74.558595,0.1095524980893489,0.1071151076352853,9.046875,9.0,75.27766125,72.006975,0.1291415790154491,0.1258633636763681,8.21875,8.0,78.79917,74.22909999999999,0.1069978874684991,0.1070906086325123,8.0625,8.5,77.2890225,82.00282999999999,0.1121071087101987,0.1071151076352853
184,female,184_dist_est.csv,5.5234375,5.0,76.66087875,74.558595,0.0734769456428049,0.068214278101085,5.359375,5.0,78.04409625,74.558595,0.0696965293217647,0.0671744683280778,5.6875,5.0,75.27766125,72.006975,0.0772573619638452,0.072392796181041,5.46875,5.0,78.79917,74.22909999999999,0.0694572785021686,0.0671761484904579,5.25,5.0,77.2890225,82.00282999999999,0.0699357801413609,0.0670607053000656
186,female,186_dist_est.csv,45.8984375,42.5,76.66087875000001,74.558595,0.6258781646326885,0.5847252913803073,42.8125,40.0,78.04409625,74.558595,0.543171223314274,0.5374091879236632,48.984375,45.0,75.27766125,72.006975,0.7085851059511029,0.5969116962780274,45.3125,47.5,78.79917,74.22909999999999,0.5759231903846721,0.593274638695745,40.3125,40.0,77.2890225,82.00282999999999,0.5104192562438761,0.5196920253185054
187,female,187_dist_est.csv,60.625,52.5,76.66087875,74.558595,0.8032276759949555,0.7529421969287187,57.890625,50.0,78.04409625,74.558595,0.7345344428605207,0.7085111755834448,63.359375,75.0,75.27766125,72.006975,0.8719209091293904,0.8408410159108421,57.1875,50.0,78.79917,74.22909999999999,0.7393503563877813,0.7085111755834448,58.59375,62.5,77.2890225,82.00282999999999,0.72971852933326,0.7112058098246261
188,female,188_dist_est.csv,4.265625,4.0,76.66087875,74.558595,0.0555505146979785,0.047198761378638,3.984375,3.0,78.04409625,74.558595,0.049551267922716,0.0443496332680955,4.546875,4.0,75.27766125,72.006975,0.061549761473241,0.0525189789418129,4.15625,3.0,78.79917,74.22909999999999,0.0516608383826315,0.045728305577268,3.8125,3.5,77.2890225,82.00282999999999,0.0474416974628005,0.0439162876508057
190,female,190_dist_est.csv,29.453125,30.0,76.66087875,74.558595,0.402510802295482,0.4023692722875338,33.125,30.0,78.04409625,74.558595,0.4216322110393846,0.405257431678325,25.78125,30.0,75.27766125,72.006975,0.3833893935515793,0.3410713905054252,31.25,30.0,78.79917,74.22909999999999,0.4028515435797328,0.405257431678325,35.0,40.0,77.2890225,82.00282999999999,0.4404128784990364,0.4478297888538524
191,female,191_dist_est.csv,50.5078125,50.0,76.66087875,74.558595,0.6687314877525703,0.6460050574501943,51.09375,50.0,78.04409625,74.558595,0.652532891249508,0.6694694227205337,49.921875,45.0,75.27766125,72.006975,0.6849300842556326,0.6293168183818408,50.9375,50.0,78.79917,74.22909999999999,0.6449039191556412,0.671761484904579,51.25,50.0,77.2890225,82.00282999999999,0.6601618633433748,0.6426176911972904
193,female,193_dist_est.csv,64.4296875,60.0,76.66087875,74.558595,0.911573212320509,0.8047385445750675,60.265625,60.0,78.04409625,74.558595,0.807364339593834,0.8047385445750675,68.59375,60.0,75.27766125,72.006975,1.015782085047184,0.8417715533077663,61.125,60.0,78.79917,74.22909999999999,0.7882744450066994,0.8105148633566501,59.40625,60.0,77.2890225,82.00282999999999,0.8264542341809685,0.8033633072646403
196,female,196_dist_est.csv,28.0078125,30.0,76.66087875000001,74.558595,0.3781648122874437,0.3853233834659496,27.5,30.0,78.04409625,74.558595,0.3558270285679122,0.3864601391955106,28.515625,30.0,75.27766125,72.006975,0.4005025960069752,0.3813351703851122,28.28125,30.0,78.79917,74.22909999999999,0.359043476072773,0.3635730428582091,26.71875,30.0,77.2890225,82.00282999999999,0.3526105810630515,0.3918510652471209
197,female,197_dist_est.csv,60.703125,50.0,76.66087875,74.558595,0.8324805523620098,0.7940741277240465,61.40625,50.0,78.04409625,74.558595,0.7895920849272615,0.7187837395425045,60.0,50.0,75.27766125,72.006975,0.875369019796758,0.8304186079403717,61.25,50.0,78.79917,74.22909999999999,0.7739561327990623,0.6754290527972084,61.5625,55.0,77.2890225,82.00282999999999,0.8052280370554609,0.840844530140378
