Participant ID,sex,source_file,overall_total_count,overall_count_of_yes,overall_percentage_of_yes,DD_mean,DD_median,DD_total_count,DD_count_of_yes,DD_percentage_of_yes,DS_mean,DS_median,DS_total_count,DS_count_of_yes,DS_percentage_of_yes,SS_mean,SS_median,SS_total_count,SS_count_of_yes,SS_percentage_of_yes,DSSS_percentage_of_yes
102,female,102_jrd.csv,64,40,0.625,137.66887515625,134.71639000000002,32,16,0.5,134.1518898125,125.04163,16,8,0.5,22.226302125,13.84118,16,16,1.0,0.75
103,female,103_jrd.csv,64,64,1.0,32.345882194375,35.149295,32,32,1.0,24.4724521875,17.111095,16,16,1.0,29.632972125,28.055745,16,16,1.0,1.0
104,male,104_jrd.csv,64,63,0.984375,16.7455280915625,15.75723,32,32,1.0,29.689557625,8.247301,16,15,0.9375,18.29508535,17.551115000000003,16,16,1.0,0.96875
106,female,106_jrd.csv,64,55,0.859375,68.59823165625,45.76808,32,28,0.875,86.2304486875,34.333005,16,12,0.75,58.689413375,34.244165,16,15,0.9375,0.84375
107,female,107_jrd.csv,64,62,0.96875,36.84748525,20.07088,32,31,0.96875,42.3289916875,21.12512,16,15,0.9375,20.72399818125,16.74576,16,16,1.0,0.96875
108,male,108_jrd.csv,64,28,0.4375,156.50218846875,222.78585,32,12,0.375,100.0090215,62.466975,16,9,0.5625,161.28787711249998,165.73885,16,7,0.4375,0.5
111,male,111_jrd.csv,64,55,0.859375,58.0911216625,29.08184,32,28,0.875,64.59360525625,13.551805,16,13,0.8125,42.094659125,20.070285,16,14,0.875,0.84375
112,male,112_jrd.csv,64,48,0.75,92.800817540625,31.18769,32,21,0.65625,120.4255310625,38.30086,16,11,0.6875,15.650058125,17.0883,16,16,1.0,0.84375
113,female,113_jrd.csv,64,30,0.46875,148.048898125,147.3031,32,14,0.4375,127.9886849375,74.613625,16,8,0.5,133.281315522,128.13094999999998,16,8,0.5,0.5
114,female,114_jrd.csv,64,32,0.5,140.46591440625,149.1615,32,16,0.5,155.3473605625,168.52675,16,7,0.4375,128.575804125,75.601005,16,9,0.5625,0.5
115,female,115_jrd.csv,64,44,0.6875,113.99029425,49.343055,32,21,0.65625,69.1866445,36.36464,16,13,0.8125,102.219801625,36.830505,16,10,0.625,0.71875
116,female,116_jrd.csv,64,43,0.671875,90.427519475,28.87128,32,24,0.75,135.086156875,63.53854,16,10,0.625,130.4978118125,94.54212,16,9,0.5625,0.59375
118,female,118_jrd.csv,64,35,0.546875,168.233720125,172.11290000000002,32,13,0.40625,161.945940375,119.640505,16,7,0.4375,40.923369375,16.69568,16,15,0.9375,0.6875
119,female,119_jrd.csv,64,48,0.75,47.251905353125,21.256415,32,27,0.84375,102.749828625,16.818044999999998,16,11,0.6875,107.0873031875,25.7458,16,10,0.625,0.65625
120,female,120_jrd.csv,64,33,0.515625,115.1687500625,91.76914,32,18,0.5625,144.5518405875,146.39625,16,8,0.5,153.6756363125,195.08475,16,7,0.4375,0.46875
121,female,121_jrd.csv,64,32,0.5,128.83167446875,80.77005,32,18,0.5625,158.378550875,142.99970000000002,16,7,0.4375,127.205153375,156.92205,16,7,0.4375,0.4375
123,female,123_jrd.csv,64,63,0.984375,13.580244140625,8.589460500000001,32,32,1.0,31.4679980625,10.112226,16,15,0.9375,21.9150827625,16.224745,16,16,1.0,0.96875
124,male,124_jrd.csv,64,61,0.953125,30.36996534375,15.506620000000002,32,31,0.96875,16.4941763125,9.881094,16,16,1.0,38.7052310625,13.85282,16,14,0.875,0.9375
125,female,125_jrd.csv,64,27,0.421875,155.2208769375,188.41125,32,13,0.40625,156.37255762499998,184.76985,16,6,0.375,148.91448690625,106.198985,16,8,0.5,0.4375
127,female,127_jrd.csv,64,64,1.0,26.1880144375,25.396155,32,32,1.0,29.3785968125,24.03072,16,16,1.0,26.84805425,18.62013,16,16,1.0,1.0
128,female,128_jrd.csv,64,63,0.984375,29.316408490625,17.728740000000002,32,31,0.96875,16.746684875,19.483220000000003,16,16,1.0,12.76081843125,11.91997,16,16,1.0,1.0
129,female,129_jrd.csv,64,30,0.46875,149.1324695,154.7639,32,14,0.4375,154.0984649375,165.87045,16,6,0.375,99.3639089375,42.96793,16,10,0.625,0.5
130,male,130_jrd.csv,64,60,0.9375,39.100532009375,23.53059,32,29,0.90625,24.291448425,22.04847,16,16,1.0,40.75165593125,29.315620000000003,16,15,0.9375,0.96875
131,female,131_jrd.csv,64,34,0.53125,125.59028421875,113.99055,32,17,0.53125,137.9649585,132.046295,16,7,0.4375,103.9216863125,49.478395,16,10,0.625,0.53125
132,female,132_jrd.csv,64,28,0.4375,143.889419984375,155.68060000000003,32,14,0.4375,165.5614353125,183.6351,16,6,0.375,139.774728825,134.262595,16,8,0.5,0.4375
133,female,133_jrd.csv,64,35,0.546875,147.17557328125,163.85425,32,15,0.46875,126.8733785625,57.13291,16,9,0.5625,117.484140625,56.63675,16,11,0.6875,0.625
134,male,134_jrd.csv,64,60,0.9375,32.756806187500004,13.84733,32,30,0.9375,18.40030644375,17.995365,16,16,1.0,51.9931408125,22.48801,16,14,0.875,0.9375
135,male,135_jrd.csv,64,42,0.65625,137.63760778125,141.09079,32,16,0.5,44.2047004375,14.286395,16,15,0.9375,82.5792921875,19.20828,16,11,0.6875,0.8125
136,male,136_jrd.csv,64,57,0.890625,49.045719771875,15.50541,32,28,0.875,35.065503675,15.59202,16,15,0.9375,53.3481410625,14.0403,16,14,0.875,0.90625
137,female,137_jrd.csv,64,38,0.59375,117.9290595,65.907505,32,18,0.5625,93.17595135,38.928255,16,10,0.625,122.6468779375,75.45685499999999,16,10,0.625,0.625
138,male,138_jrd.csv,64,63,0.984375,25.5238855625,26.891375,32,32,1.0,23.261835,18.62727,16,16,1.0,20.453293375,12.13559,16,15,0.9375,0.96875
139,female,139_jrd.csv,64,40,0.625,102.77020853125,65.982135,32,20,0.625,121.1097950625,86.430365,16,9,0.5625,126.38071225,82.79629,16,11,0.6875,0.625
141,male,141_jrd.csv,64,62,0.96875,34.9267486875,18.619215,32,30,0.9375,26.9475111875,27.84459,16,16,1.0,23.6685782,19.495765,16,16,1.0,1.0
142,male,142_jrd.csv,64,35,0.546875,142.53367090625,189.91675,32,15,0.46875,146.696937,128.637635,16,8,0.5,87.5297838125,31.023225,16,12,0.75,0.625
144,female,144_jrd.csv,64,64,1.0,22.13906310125,16.794849999999997,32,32,1.0,19.63110484375,12.51085,16,16,1.0,22.285950675,20.28099,16,16,1.0,1.0
145,male,145_jrd.csv,64,58,0.90625,35.98602838125,23.78276,32,30,0.9375,37.1245164375,23.20742,16,15,0.9375,66.144035875,31.63135,16,13,0.8125,0.875
146,female,146_jrd.csv,64,63,0.984375,23.179265840625,9.0541745,32,31,0.96875,18.117825625,15.273635,16,16,1.0,15.83235685,12.578915,16,16,1.0,1.0
147,female,147_jrd.csv,64,33,0.515625,165.167645203125,223.8294,32,12,0.375,97.33911301875,26.450275,16,11,0.6875,113.732576125,39.874935,16,10,0.625,0.65625
149,male,149_jrd.csv,64,51,0.796875,57.0171297,17.754995,32,27,0.84375,64.180363,20.433175,16,12,0.75,76.4739331125,11.912995,16,12,0.75,0.75
151,female,151_jrd.csv,64,52,0.8125,62.690439806250005,26.077055,32,27,0.84375,85.570415125,33.98335,16,12,0.75,66.7910395625,23.424455,16,13,0.8125,0.78125
153,female,153_jrd.csv,64,56,0.875,60.653220728125,25.77769,32,27,0.84375,57.6088075625,31.582210000000003,16,14,0.875,25.10440874375,13.35627,16,15,0.9375,0.90625
156,female,156_jrd.csv,64,41,0.640625,106.8263410625,44.01854,32,20,0.625,105.211971625,56.38365,16,11,0.6875,105.00740015625,42.717545,16,10,0.625,0.65625
157,female,157_jrd.csv,64,62,0.96875,21.9958805625,18.728955,32,32,1.0,36.44758410625,18.74277,16,15,0.9375,37.7829570625,32.84749,16,15,0.9375,0.9375
158,female,158_jrd.csv,64,52,0.8125,76.2148078125,39.612085,32,26,0.8125,67.469643625,41.255745000000005,16,14,0.875,85.769814375,36.33089,16,12,0.75,0.8125
159,female,159_jrd.csv,64,62,0.96875,27.8077872375,25.160455,32,32,1.0,54.8692639375,25.445410000000003,16,14,0.875,23.8671111875,20.501435,16,16,1.0,0.9375
160,female,160_jrd.csv,64,33,0.515625,152.37392296875,128.02564999999998,32,16,0.5,130.44790375,86.18119,16,10,0.625,119.762036,93.646125,16,7,0.4375,0.53125
161,female,161_jrd.csv,64,64,1.0,33.7369814321875,29.3042,32,32,1.0,35.9814259375,29.798025,16,16,1.0,29.3806968125,23.815095,16,16,1.0,1.0
162,female,162_jrd.csv,64,59,0.921875,46.15606440625,18.84715,32,30,0.9375,87.545269375,47.21566,16,13,0.8125,37.35900898125,24.407965,16,16,1.0,0.90625
163,female,163_jrd.csv,64,63,0.984375,15.70821770625,14.273885,32,32,1.0,20.941847075,19.474445000000003,16,16,1.0,36.3649803125,18.110135,16,15,0.9375,0.96875
164,female,164_jrd.csv,64,60,0.9375,62.23742378125,47.146805,32,29,0.90625,57.0853819375,31.110945,16,15,0.9375,33.191121125,24.492795,16,16,1.0,0.96875
165,female,165_jrd.csv,64,28,0.4375,137.50831065625,131.1358,32,14,0.4375,148.1636606875,185.1868,16,7,0.4375,138.6704775,164.88515,16,7,0.4375,0.4375
167,male,167_jrd.csv,64,57,0.890625,43.48730928125,20.654515,32,29,0.90625,50.61856939375,25.208925,16,14,0.875,48.984673676875005,25.88351,16,14,0.875,0.875
168,female,168_jrd.csv,64,59,0.921875,35.2062476846875,13.833325,32,30,0.9375,58.2935184375,28.041905,16,14,0.875,31.84317815625,11.132945,16,15,0.9375,0.90625
169,female,169_jrd.csv,64,31,0.484375,133.21193019375,62.27159999999999,32,17,0.53125,167.2978216125,202.11165,16,6,0.375,138.2821521875,105.086175,16,8,0.5,0.4375
171,female,171_jrd.csv,64,55,0.859375,64.7071011875,26.94248,32,27,0.84375,54.21827125,18.483195,16,14,0.875,56.880208125,34.74237,16,14,0.875,0.875
174,male,174_jrd.csv,64,63,0.984375,41.434769959375,28.12265,32,31,0.96875,38.032793125,36.027705,16,16,1.0,43.8567216875,24.740775,16,16,1.0,1.0
175,female,175_jrd.csv,64,16,0.25,156.5775490625,114.44609,32,7,0.21875,165.06348131250002,135.154,16,6,0.375,185.25864,221.179,16,3,0.1875,0.28125
176,female,176_jrd.csv,64,63,0.984375,30.0551251375,24.414720000000003,32,31,0.96875,13.1661983125,9.4554435,16,16,1.0,18.8200698125,13.3366,16,16,1.0,1.0
177,male,177_jrd.csv,64,63,0.984375,27.479735090625,14.15135,32,31,0.96875,25.745324525,17.6286,16,16,1.0,15.328981,14.290455,16,16,1.0,1.0
178,male,178_jrd.csv,64,43,0.671875,127.30745258125,87.59727000000001,32,19,0.59375,74.39633781250001,29.70097,16,12,0.75,87.39877606249999,26.57824,16,12,0.75,0.75
179,female,179_jrd.csv,64,30,0.46875,146.53544634375,175.88565,32,15,0.46875,146.5703275,139.816875,16,7,0.4375,131.357695625,111.059415,16,8,0.5,0.46875
180,female,180_jrd.csv,64,50,0.78125,75.273882709375,14.95982,32,23,0.71875,65.7305453125,16.29717,16,13,0.8125,60.051141125,26.6897,16,14,0.875,0.84375
181,female,181_jrd.csv,64,51,0.796875,73.28916809374999,22.766785,32,24,0.75,71.36765725000001,26.574245,16,13,0.8125,58.0194493125,39.73973,16,14,0.875,0.84375
182,male,182_jrd.csv,64,36,0.5625,144.64164915625,163.543,32,15,0.46875,133.55747425,110.7656,16,10,0.625,99.533266625,85.66958,16,11,0.6875,0.65625
184,female,184_jrd.csv,64,47,0.734375,75.59903046875,52.93438999999999,32,25,0.78125,101.36617475,54.2226,16,10,0.625,103.4813174375,70.8599,16,12,0.75,0.6875
186,female,186_jrd.csv,64,36,0.5625,113.00014315625,48.32266,32,18,0.5625,166.7693651875,193.2282,16,7,0.4375,100.335179125,42.189845000000005,16,11,0.6875,0.5625
187,female,187_jrd.csv,64,57,0.890625,25.01084380625,13.80496,32,30,0.9375,39.4833068125,19.22685,16,15,0.9375,84.19013605,14.15367,16,12,0.75,0.84375
188,female,188_jrd.csv,64,37,0.578125,137.20810146875002,71.564495,32,18,0.5625,90.868303625,31.04277,16,11,0.6875,143.508293625,63.41858,16,8,0.5,0.59375
189,male,189_jrd.csv,64,64,1.0,20.02404003125,18.958955,32,32,1.0,28.1354435625,27.434115,16,16,1.0,25.3449075,21.0692,16,16,1.0,1.0
190,female,190_jrd.csv,64,34,0.53125,150.96580209375,142.313305,32,13,0.40625,142.4503333125,122.56941,16,8,0.5,57.670702908125,19.084795,16,13,0.8125,0.65625
191,female,191_jrd.csv,64,64,1.0,15.610464971875,12.65732,32,32,1.0,13.9215404375,10.267615,16,16,1.0,24.8850915125,27.29616,16,16,1.0,1.0
193,female,193_jrd.csv,64,34,0.53125,136.797923596875,122.7198,32,17,0.53125,151.697305125,168.18205,16,7,0.4375,123.163486875,116.0578,16,10,0.625,0.53125
194,male,194_jrd.csv,64,61,0.953125,25.906592384375,15.450175000000002,32,30,0.9375,29.5870030625,16.82113,16,15,0.9375,16.05399675,14.54193,16,16,1.0,0.96875
195,male,195_jrd.csv,64,56,0.875,48.856844596875,16.056175,32,28,0.875,50.81706116875,18.228695,16,14,0.875,50.004410803125,11.894453,16,14,0.875,0.875
196,female,196_jrd.csv,64,63,0.984375,32.405443365625,23.289235,32,31,0.96875,22.941592125,19.031755,16,16,1.0,33.38791425,34.340915,16,16,1.0,1.0
197,female,197_jrd.csv,64,32,0.5,127.879408125,128.6364,32,18,0.5625,154.1232953125,149.70685,16,6,0.375,138.488164875,147.39215000000002,16,8,0.5,0.4375
